{
	"format_version": "1.8.0",
	"animations": {
		"turn_right": {
			"loop": true,
			"animation_length": 1,
			"bones": {
				"rightArm": {
					"rotation": {
						"0.0": {
							"vector": [12.45392, -1.08089, 4.88206]
						},
						"0.625": {
							"vector": [17.45392, -1.08089, 4.88206]
						},
						"1.0": {
							"vector": [12.45392, -1.08089, 4.88206]
						}
					},
					"position": {
						"0.0": {
							"vector": [0, 0, 0]
						},
						"0.5": {
							"vector": [0, -0.25, 0.75]
						},
						"1.0": {
							"vector": [0, 0, 0]
						}
					}
				},
				"leftArm": {
					"rotation": {
						"0.0": {
							"vector": [-9.96271, -0.86717, -4.92442]
						},
						"0.125": {
							"vector": [-9.96271, -0.86717, -4.92442]
						},
						"0.4375": {
							"vector": [-14.88459, 2.23912, -2.93997]
						},
						"1.0": {
							"vector": [-9.96271, -0.86717, -4.92442]
						}
					},
					"position": {
						"0.0": {
							"vector": [0, 0, 0]
						},
						"0.625": {
							"vector": [0, -0.25, -0.5]
						},
						"1.0": {
							"vector": [0, 0, 0]
						}
					}
				},
				"rightLeg": {
					"rotation": {
						"0.0": {
							"vector": [0, 10, 0]
						},
						"0.1875": {
							"vector": [6.1112, 17.51717, -0.5867]
						},
						"0.5": {
							"vector": [-5.5552, 40.0687, -2.3468]
						},
						"1.0": {
							"vector": [0, 10, 0]
						}
					},
					"position": {
						"0.0": {
							"vector": [-0.1, 0, -0.4]
						},
						"0.1875": {
							"vector": [-1.05, 1.5, -3.2]
						},
						"0.5": {
							"vector": [-1.5, 0, -1.25]
						},
						"1.0": {
							"vector": [-0.1, 0, -0.4]
						}
					}
				},
				"leftLeg": {
					"rotation": {
						"0.0": {
							"vector": [4, -5, 0]
						},
						"0.5": {
							"vector": [4.0007, -9.72413, -7.56626]
						},
						"0.75": {
							"vector": [3.78473, -7.44459, -2.51736]
						},
						"1.0": {
							"vector": [4, -5, 0]
						}
					},
					"position": {
						"0.0": {
							"vector": [0, 0, -1]
						},
						"0.5": {
							"vector": [0, 0, -2]
						},
						"0.75": {
							"vector": [0.1, 1.5, -1.4]
						},
						"1.0": {
							"vector": [0, 0, -1]
						}
					}
				}
			}
		}
	},
	"geckolib_format_version": 2
}